Time,Extension,Load,Strain 1,,,
(s),(mm),(N),(mm/mm),,,
0,0,0.11,0,,,
0.1,0.00909,116.07,0,,,
0.2,0.0235,332.66,0.00003,,,
0.3,0.03511,424.01,0.00003,,,
0.4,0.04681,511.76,0.00004,,,
0.5,0.05841,586.55,0.00004,,,
0.6,0.07016,660.33,0.00005,,,
0.7,0.08206,729.37,0.00006,,,
0.8,0.09342,790.63,0.00006,,,
0.9,0.10507,850.45,0.00006,,,
1,0.11682,904.85,0.00007,,,
1.1,0.12862,957.61,0.00008,,,
1.2,0.14032,1009.24,0.00008,,,
1.3,0.15177,1054.96,0.00008,,,
1.4,0.16348,1099.10,0.00009,,,
1.5,0.17523,1141.16,0.00009,,,
1.6,0.18698,1181.82,0.00009,,,
1.7,0.19858,1222.47,0.0001,,,
1.8,0.21008,1256.13,0.0001,,,
1.9,0.22179,1292.15,0.00011,,,
2,0.23369,1328.50,0.00011,,,
2.1,0.24534,1362.41,0.00011,,,
2.2,0.25684,1395.89,0.00012,,,
2.3,0.26849,1425.13,0.00012,,,
2.4,0.2802,1457.01,0.00013,,,
2.5,0.29205,1489.57,0.00012,,,
2.6,0.3035,1519.44,0.00013,,,
2.7,0.31505,1549.69,0.00013,,,
2.8,0.32685,1578.53,0.00013,,,
2.9,0.3386,1608.70,0.00014,,,
3,0.35046,1643.12,0.00014,,,
3.1,0.36171,1672.18,0.00014,,,
3.2,0.37346,1704.72,0.00015,,,
3.3,0.38526,1736.33,0.00015,,,
3.4,0.39696,1769.09,0.00015,,,
3.5,0.40857,1806.24,0.00016,,,
3.6,0.42007,1838.60,0.00016,,,
3.7,0.43187,1874.92,0.00016,,,
3.8,0.44362,1912.20,0.00017,,,
3.9,0.45527,1950.01,0.00017,,,
4,0.46687,1991.38,0.00018,,,
4.1,0.47848,2028.94,0.00018,,,
4.2,0.49023,2071.51,0.00018,,,
4.3,0.50203,2114.21,0.00019,,,
4.4,0.51353,2156.20,0.00019,,,
4.5,0.52518,2202.51,0.0002,,,
4.6,0.53684,2243.83,0.0002,,,
4.7,0.54854,2289.43,0.0002,,,
4.8,0.56044,2337.51,0.00021,,,
4.9,0.57174,2382.38,0.00021,,,
5,0.58344,2430.15,0.00022,,,
5.1,0.5952,2475.60,0.00023,,,
5.2,0.607,2524.30,0.00023,,,
5.3,0.61865,2575.12,0.00024,,,
5.4,0.63005,2621.47,0.00024,,,
5.5,0.6418,2671.21,0.00025,,,
5.6,0.65371,2721.82,0.00025,,,
5.7,0.66536,2771.76,0.00026,,,
5.8,0.67686,2824.49,0.00026,,,
5.9,0.68841,2872.88,0.00027,,,
6,0.70021,2926.69,0.00027,,,
6.1,0.71196,2978.33,0.00028,,,
6.2,0.72357,3032.01,0.00028,,,
6.3,0.73517,3087.18,0.00029,,,
6.4,0.74692,3137.87,0.00029,,,
6.5,0.75857,3193.33,0.0003,,,
6.6,0.77037,3248.30,0.00031,,,
6.7,0.78177,3301.68,0.00032,,,
6.8,0.79348,3358.75,0.00032,,,
6.9,0.80518,3411.12,0.00033,,,
7,0.81688,3468.67,0.00033,,,
7.1,0.82873,3527.46,0.00034,,,
7.2,0.84013,3582.25,0.00035,,,
7.3,0.85189,3641.87,0.00035,,,
7.4,0.86354,3698.37,0.00036,,,
7.5,0.87529,3758.99,0.00037,,,
7.6,0.88699,3820.63,0.00037,,,
7.7,0.89834,3877.25,0.00038,,,
7.8,0.91014,3940.66,0.00038,,,
7.9,0.9219,4002.18,0.00039,,,
8,0.93365,4067.65,0.0004,,,
8.1,0.9452,4130.95,0.00041,,,
8.2,0.95685,4192.44,0.00042,,,
8.3,0.9685,4257.72,0.00042,,,
8.4,0.98036,4324.47,0.00043,,,
8.5,0.99181,4391.87,0.00044,,,
8.6,1.00351,4459.19,0.00044,,,
8.7,1.01521,4522.33,0.00045,,,
8.8,1.02691,4592.46,0.00046,,,
8.9,1.03867,4662.30,0.00047,,,
9,1.05017,4732.77,0.00047,,,
9.1,1.06182,4801.95,0.00048,,,
9.2,1.07347,4869.16,0.00049,,,
9.3,1.08522,4942.93,0.0005,,,
9.4,1.09698,5016.44,0.0005,,,
9.5,1.10848,5087.39,0.00052,,,
9.6,1.12018,5160.89,0.00052,,,
9.7,1.13183,5232.69,0.00053,,,
9.8,1.14363,5311.78,0.00054,,,
9.9,1.15533,5389.15,0.00055,,,
10,1.16679,5460.23,0.00055,,,
10.1,1.17844,5537.63,0.00056,,,
10.2,1.19029,5614.78,0.00057,,,
10.3,1.20189,5695.35,0.00058,,,
10.4,1.21344,5772.66,0.00059,,,
10.5,1.22514,5848.48,0.0006,,,
10.6,1.23685,5929.03,0.00061,,,
10.7,1.24875,6009.48,0.00062,,,
10.8,1.26015,6091.73,0.00063,,,
10.9,1.2718,6172.34,0.00064,,,
11,1.2835,6250.79,0.00065,,,
11.1,1.29521,6334.94,0.00066,,,
11.2,1.30696,6417.99,0.00067,,,
11.3,1.31846,6503.32,0.00068,,,
11.4,1.33016,6584.77,0.00069,,,
11.5,1.34186,6668.84,0.00071,,,
11.6,1.35362,6754.99,0.00071,,,
11.7,1.36532,6842.01,0.00072,,,
11.8,1.37672,6927.55,0.00073,,,
11.9,1.38847,7012.81,0.00074,,,
12,1.40022,7098.52,0.00075,,,
12.1,1.41192,7189.08,0.00076,,,
12.2,1.42353,7278.21,0.00078,,,
12.3,1.43513,7365.40,0.00079,,,
12.4,1.44683,7451.49,0.00079,,,
12.5,1.45873,7543.94,0.00081,,,
12.6,1.47018,7635.17,0.00082,,,
12.7,1.48179,7724.23,0.00083,,,
12.8,1.49349,7815.14,0.00084,,,
12.9,1.50519,7904.32,0.00085,,,
13,1.51699,7997.05,0.00086,,,
13.1,1.52839,8091.78,0.00088,,,
13.2,1.54014,8183.75,0.00089,,,
13.3,1.5519,8277.37,0.0009,,,
13.4,1.56355,8370.36,0.00091,,,
13.5,1.5753,8467.36,0.00092,,,
13.6,1.58675,8563.96,0.00094,,,
13.7,1.5985,8658.16,0.00095,,,
13.8,1.61021,8757.05,0.00096,,,
13.9,1.62186,8853.08,0.00097,,,
14,1.63356,8953.31,0.00098,,,
14.1,1.64516,9051.24,0.001,,,
14.2,1.65681,9146.94,0.00101,,,
14.3,1.66862,9248.95,0.00103,,,
14.4,1.68017,9346.56,0.00103,,,
14.5,1.69187,9448.21,0.00105,,,
14.6,1.70352,9546.50,0.00106,,,
14.7,1.71512,9643.43,0.00107,,,
14.8,1.72692,9748.33,0.00109,,,
14.9,1.73848,9849.41,0.0011,,,
15,1.75018,9948.59,0.00112,,,
15.1,1.76188,10050.82,0.00112,,,
15.2,1.77358,10150.33,0.00114,,,
15.3,1.78533,10256.38,0.00115,,,
15.4,1.79663,10359.03,0.00117,,,
15.5,1.80854,10460.09,0.00118,,,
15.6,1.82029,10563.93,0.00119,,,
15.7,1.83194,10666.20,0.00121,,,
15.8,1.84349,10774.16,0.00122,,,
15.9,1.85514,10878.90,0.00124,,,
16,1.86685,10978.18,0.00125,,,
16.1,1.87855,11086.15,0.00127,,,
16.2,1.8902,11189.94,0.00129,,,
16.3,1.9018,11300.83,0.0013,,,
16.4,1.91355,11404.36,0.00132,,,
16.5,1.92516,11506.47,0.00133,,,
16.6,1.93696,11616.40,0.00135,,,
16.7,1.94846,11723.13,0.00136,,,
16.8,1.96016,11835.73,0.00139,,,
16.9,1.97186,11937.55,0.0014,,,
17,1.98357,12042.93,0.00142,,,
17.1,1.99532,12156.21,0.00143,,,
17.2,2.00677,12262.83,0.00145,,,
17.3,2.01847,12373.25,0.00147,,,
17.4,2.03022,12479.95,0.00149,,,
17.5,2.04187,12587.04,0.0015,,,
17.6,2.05368,12704.57,0.00152,,,
17.7,2.06513,12809.58,0.00154,,,
17.8,2.07683,12917.73,0.00156,,,
17.9,2.08858,13028.78,0.00158,,,
18,2.10023,13137.18,0.0016,,,
18.1,2.11184,13255.43,0.00161,,,
18.2,2.12354,13360.80,0.00164,,,
18.3,2.13514,13467.64,0.00165,,,
18.4,2.14694,13584.07,0.00167,,,
18.5,2.15854,13692.39,0.0017,,,
18.6,2.17009,13808.91,0.00172,,,
18.7,2.1819,13915.00,0.00174,,,
18.8,2.1935,14020.20,0.00175,,,
18.9,2.20535,14136.02,0.00178,,,
19,2.21675,14243.66,0.0018,,,
19.1,2.2284,14359.38,0.00183,,,
19.2,2.24026,14462.84,0.00185,,,
19.3,2.25191,14568.16,0.00187,,,
19.4,2.26371,14685.31,0.00189,,,
19.5,2.27506,14789.22,0.00192,,,
19.6,2.28681,14899.97,0.00195,,,
19.7,2.29852,15002.27,0.00198,,,
19.8,2.31027,15103.96,0.002,,,
19.9,2.32192,15217.29,0.00204,,,
20,2.33342,15314.24,0.00207,,,
20.1,2.34517,15420.27,0.0021,,,
20.2,2.35692,15514.83,0.00214,,,
20.3,2.36853,15609.53,0.00217,,,
20.4,2.38013,15712.73,0.00222,,,
20.5,2.39178,15797.40,0.00226,,,
20.6,2.40348,15889.82,0.0023,,,
20.7,2.41533,15972.98,0.00235,,,
20.8,2.42678,16050.65,0.0024,,,
20.9,2.43844,16135.37,0.00247,,,
21,2.45024,16200.47,0.00253,,,
21.1,2.46194,16270.62,0.00259,,,
21.2,2.47369,16330.38,0.00267,,,
21.3,2.48504,16382.19,0.00275,,,
21.4,2.4968,16439.62,0.00283,,,
21.5,2.5086,16479.06,0.00293,,,
21.6,2.5202,16520.79,0.00302,,,
21.7,2.53195,16558.31,0.00312,,,
21.8,2.54355,16587.09,0.00323,,,
21.9,2.55516,16617.61,0.00334,,,
22,2.56701,16638.20,0.00346,,,
22.1,2.57861,16658.04,0.00358,,,
22.2,2.59021,16673.52,0.0037,,,
22.3,2.60171,16672.19,0.00384,,,
22.4,2.61357,16680.11,0.00398,,,
22.5,2.62542,16665.70,0.00414,,,
22.6,2.63692,16644.59,0.0043,,,
22.7,2.64842,16602.11,0.00449,,,
22.8,2.66032,16538.25,0.00469,,,
22.9,2.67192,16477.86,0.00492,,,
23,2.68373,16429.92,0.00514,,,
23.1,2.69513,16408.07,0.00536,,,
23.2,2.70683,16389.57,0.00556,,,
23.3,2.71858,16371.24,0.00576,,,
23.4,2.73028,16359.17,0.00597,,,
23.5,2.74204,16350.71,0.00617,,,
23.6,2.75349,16356.65,0.00638,,,
23.7,2.76524,16364.71,0.00657,,,
23.8,2.77694,16378.44,0.00675,,,
23.9,2.78864,16392.31,0.00692,,,
24,2.80029,16402.42,0.0071,,,
24.1,2.81185,16407.55,0.00727,,,
24.2,2.8235,16400.02,0.00744,,,
24.3,2.8353,16398.56,0.00761,,,
24.4,2.84695,16390.99,0.00778,,,
24.5,2.85855,16389.96,0.00795,,,
24.6,2.87021,16390.24,0.0081,,,
24.7,2.88186,16389.05,0.00826,,,
24.8,2.89376,16400.60,0.0084,,,
24.9,2.90521,16401.81,0.00855,,,
25,2.91676,16405.96,0.00869,,,
25.1,2.92857,16409.33,0.00883,,,
25.2,2.94027,16404.81,0.00896,,,
25.3,2.95207,16415.27,0.00909,,,
25.4,2.96347,16415.75,0.00922,,,
25.5,2.97517,16426.63,0.00934,,,
25.6,2.98692,16438.55,0.00947,,,
25.7,2.99858,16449.68,0.00961,,,
25.8,3.01038,16473.95,0.00975,,,
25.9,3.02173,16479.50,0.00989,,,
26,3.03348,16489.97,0.01004,,,
26.1,3.04533,16497.74,0.01019,,,
26.2,3.05704,16497.50,0.01034,,,
26.3,3.06859,16509.44,0.01048,,,
26.4,3.08019,16502.96,0.01063,,,
26.5,3.09179,16504.99,0.01077,,,
26.6,3.10364,16505.07,0.0109,,,
26.7,3.11529,16502.02,0.01104,,,
26.8,3.1268,16508.71,0.01116,,,
26.9,3.13845,16502.18,0.01128,,,
27,3.15025,16511.61,0.01141,,,
27.1,3.16215,16514.94,0.01152,,,
27.2,3.17345,16517.76,0.01164,,,
27.3,3.18505,16528.85,0.01176,,,
27.4,3.19691,16532.26,0.01188,,,
27.5,3.20856,16543.61,0.012,,,
27.6,3.22036,16551.78,0.01213,,,
27.7,3.23171,16561.24,0.01227,,,
27.8,3.24351,16568.63,0.01241,,,
27.9,3.25532,16572.01,0.01255,,,
28,3.26697,16580.75,0.01269,,,
28.1,3.27862,16586.41,0.01285,,,
28.2,3.29007,16592.59,0.013,,,
28.3,3.30187,16593.53,0.01315,,,
28.4,3.31363,16591.15,0.01331,,,
28.5,3.32528,16590.57,0.01349,,,
28.6,3.33683,16579.78,0.01366,,,
28.7,3.34858,16565.19,0.01385,,,
28.8,3.36018,16540.51,0.01404,,,
28.9,3.37209,16536.81,0.01422,,,
29,3.38349,16542.62,0.01441,,,
29.1,3.39514,16562.77,0.01457,,,
29.2,3.40684,16591.46,0.01474,,,
29.3,3.41859,16626.44,0.01489,,,
29.4,3.4304,16666.99,0.01503,,,
29.5,3.44175,16701.63,0.01517,,,
29.6,3.45345,16731.71,0.0153,,,
29.7,3.4653,16768.41,0.01542,,,
29.8,3.47695,16791.35,0.01555,,,
29.9,3.48865,16824.75,0.01567,,,
30,3.50016,16845.04,0.01579,,,
30.1,3.51181,16862.91,0.01591,,,
30.2,3.52361,16889.22,0.01602,,,
30.3,3.53526,16903.08,0.01614,,,
30.4,3.54691,16931.81,0.01626,,,
30.5,3.55856,16943.21,0.01637,,,
30.6,3.57017,16960.78,0.01648,,,
30.7,3.58197,16982.16,0.01659,,,
30.8,3.59357,16996.42,0.0167,,,
30.9,3.60512,17020.15,0.01681,,,
31,3.61692,17031.58,0.01692,,,
31.1,3.62853,17050.94,0.01703,,,
31.2,3.64038,17068.81,0.01713,,,
31.3,3.65188,17083.34,0.01725,,,
31.4,3.66348,17104.57,0.01735,,,
31.5,3.67518,17117.28,0.01746,,,
31.6,3.68683,17137.55,0.01757,,,
31.7,3.69874,17156.38,0.01768,,,
31.8,3.71009,17167.24,0.0178,,,
31.9,3.72184,17187.66,0.0179,,,
32,3.73354,17202.36,0.01802,,,
32.1,3.74534,17223.24,0.01813,,,
32.2,3.7569,17237.56,0.01825,,,
32.3,3.76855,17255.04,0.01835,,,
32.4,3.78015,17269.14,0.01846,,,
32.5,3.792,17285.47,0.01857,,,
32.6,3.8035,17306.46,0.01869,,,
32.7,3.81526,17323.99,0.0188,,,
32.8,3.82686,17337.62,0.01891,,,
32.9,3.83856,17353.90,0.01903,,,
33,3.85036,17369.01,0.01914,,,
33.1,3.86191,17390.39,0.01926,,,
33.2,3.87351,17403.88,0.01938,,,
33.3,3.88522,17422.47,0.01949,,,
33.4,3.89682,17435.35,0.0196,,,
33.5,3.90867,17455.77,0.01971,,,
33.6,3.92012,17472.67,0.01983,,,
33.7,3.93182,17484.40,0.01994,,,
33.8,3.94348,17504.02,0.02006,,,
33.9,3.95528,17518.09,0.02017,,,
34,3.96708,17541.50,0.02029,,,
34.1,3.97843,17551.19,0.02041,,,
34.2,3.99018,17563.86,0.02053,,,
34.3,4.00188,17584.35,0.02064,,,
34.4,4.01359,17597.70,0.02076,,,
34.5,4.02524,17622.36,0.02088,,,
34.6,4.03679,17629.89,0.02099,,,
34.7,4.04849,17648.17,0.02111,,,
34.8,4.0604,17665.13,0.02122,,,
34.9,4.07195,17677.57,0.02134,,,
35,4.0835,17698.45,0.02146,,,
35.1,4.0952,17707.55,0.02158,,,
35.2,4.10685,17729.38,0.0217,,,
35.3,4.1187,17743.63,0.02182,,,
35.4,4.13021,17756.64,0.02194,,,
35.5,4.14181,17774.80,0.02205,,,
35.6,4.15361,17787.54,0.02217,,,
35.7,4.16521,17805.48,0.02228,,,
35.8,4.17701,17820.13,0.02241,,,
35.9,4.18841,17836.83,0.02252,,,
36,4.20022,17851.75,0.02265,,,
36.1,4.21187,17860.20,0.02276,,,
36.2,4.22362,17881.96,0.02288,,,
36.3,4.23527,17896.11,0.023,,,
36.4,4.24682,17913.08,0.02312,,,
36.5,4.25853,17922.81,0.02324,,,
36.6,4.27033,17938.22,0.02336,,,
36.7,4.28203,17956.84,0.02348,,,
36.8,4.29353,17968.85,0.0236,,,
36.9,4.30518,17986.09,0.02372,,,
37,4.31683,17996.99,0.02384,,,
37.1,4.32869,18014.80,0.02396,,,
37.2,4.34024,18029.85,0.02408,,,
37.3,4.35179,18041.12,0.0242,,,
37.4,4.36359,18058.48,0.02432,,,
37.5,4.37519,18068.46,0.02445,,,
37.6,4.38705,18089.32,0.02457,,,
37.7,4.39845,18101.01,0.02468,,,
37.8,4.4102,18111.59,0.0248,,,
37.9,4.42185,18128.69,0.02492,,,
38,4.4335,18139.23,0.02505,,,
38.1,4.44531,18162.14,0.02517,,,
38.2,4.45681,18170.30,0.02529,,,
38.3,4.46856,18181.57,0.02541,,,
38.4,4.48021,18198.96,0.02553,,,
38.5,4.49186,18207.82,0.02566,,,
38.6,4.50361,18233.38,0.02577,,,
38.7,4.51517,18237.10,0.02589,,,
38.8,4.52682,18253.22,0.02601,,,
38.9,4.53857,18267.10,0.02613,,,
39,4.55027,18278.25,0.02626,,,
39.1,4.56187,18298.41,0.02638,,,
39.2,4.57363,18304.88,0.02651,,,
39.3,4.58518,18321.20,0.02662,,,
39.4,4.59708,18335.25,0.02674,,,
39.5,4.60833,18347.71,0.02686,,,
39.6,4.62023,18365.13,0.02699,,,
39.7,4.63194,18370.04,0.02711,,,
39.8,4.64359,18388.28,0.02723,,,
39.9,4.65529,18401.85,0.02736,,,
40,4.66684,18418.41,0.02748,,,
40.1,4.67854,18426.75,0.0276,,,
40.2,4.69019,18434.69,0.02772,,,
40.3,4.70195,18454.22,0.02785,,,
40.4,4.71355,18466.09,0.02797,,,
40.5,4.72515,18482.55,0.0281,,,
40.6,4.73685,18491.29,0.02821,,,
40.7,4.7486,18501.54,0.02833,,,
40.8,4.76026,18518.13,0.02846,,,
40.9,4.77191,18531.03,0.02859,,,
41,4.78356,18544.14,0.02871,,,
41.1,4.79521,18552.74,0.02883,,,
41.2,4.80696,18569.21,0.02895,,,
41.3,4.81851,18581.38,0.02908,,,
41.4,4.83012,18591.41,0.0292,,,
41.5,4.84192,18606.41,0.02932,,,
41.6,4.85352,18614.38,0.02944,,,
41.7,4.86542,18635.17,0.02957,,,
41.8,4.87687,18642.64,0.02969,,,
41.9,4.88848,18650.78,0.02981,,,
42,4.90028,18667.59,0.02994,,,
42.1,4.91188,18673.84,0.03006,,,
42.2,4.92363,18697.26,0.03019,,,
42.3,4.93523,18703.39,0.03032,,,
42.4,4.94684,18712.82,0.03044,,,
42.5,4.95859,18727.90,0.03056,,,
42.6,4.97029,18734.77,0.03068,,,
42.7,4.98184,18755.19,0.03081,,,
42.8,4.99354,18760.98,0.03093,,,
42.9,5.00519,18775.01,0.03106,,,
43,5.017,18785.66,0.03118,,,
43.1,5.02855,18794.04,0.0313,,,
43.2,5.04015,18813.60,0.03144,,,
43.3,5.05195,18817.83,0.03155,,,
43.4,5.06355,18833.05,0.03168,,,
43.5,5.07541,18845.93,0.0318,,,
43.6,5.08681,18852.93,0.03193,,,
43.7,5.09846,18869.93,0.03206,,,
43.8,5.11016,18876.42,0.03218,,,
43.9,5.12191,18891.54,0.03231,,,
44,5.13372,18902.92,0.03243,,,
44.1,5.14517,18909.57,0.03256,,,
44.2,5.15682,18925.88,0.03268,,,
44.3,5.16862,18933.44,0.03281,,,
44.4,5.18027,18947.34,0.03294,,,
44.5,5.19187,18959.51,0.03306,,,
44.6,5.20348,18964.69,0.0332,,,
44.7,5.21518,18979.97,0.03332,,,
44.8,5.22693,18988.02,0.03344,,,
44.9,5.23858,19003.69,0.03357,,,
45,5.25013,19013.96,0.0337,,,
45.1,5.26189,19022.59,0.03383,,,
45.2,5.27354,19033.64,0.03395,,,
45.3,5.28534,19041.16,0.03408,,,
45.4,5.29679,19057.78,0.0342,,,
45.5,5.30854,19067.76,0.03434,,,
45.6,5.32024,19077.52,0.03447,,,
45.7,5.33185,19085.55,0.03459,,,
45.8,5.34365,19094.97,0.03471,,,
45.9,5.35525,19111.59,0.03484,,,
46,5.36685,19116.76,0.03497,,,
46.1,5.37855,19131.23,0.0351,,,
46.2,5.39026,19137.83,0.03523,,,
46.3,5.40201,19154.41,0.03536,,,
46.4,5.41331,19160.06,0.03548,,,
46.5,5.42526,19168.97,0.03562,,,
46.6,5.43701,19183.17,0.03574,,,
46.7,5.44861,19188.22,0.03587,,,
46.8,5.46027,19209.21,0.03599,,,
46.9,5.47187,19210.94,0.03613,,,
47,5.48352,19217.55,0.03625,,,
47.1,5.49527,19232.20,0.03638,,,
47.2,5.50687,19238.98,0.0365,,,
47.3,5.51847,19257.43,0.03664,,,
47.4,5.53023,19260.31,0.03677,,,
47.5,5.54188,19273.05,0.0369,,,
47.6,5.55373,19281.86,0.03702,,,
47.7,5.56518,19288.11,0.03715,,,
47.8,5.57683,19304.03,0.03728,,,
47.9,5.58859,19307.46,0.0374,,,
48,5.60024,19322.29,0.03753,,,
48.1,5.61204,19331.72,0.03766,,,
48.2,5.62349,19340.97,0.0378,,,
48.3,5.63514,19349.68,0.03793,,,
48.4,5.6469,19355.92,0.03806,,,
48.5,5.65865,19370.95,0.03818,,,
48.6,5.6703,19379.31,0.03831,,,
48.7,5.68185,19389.53,0.03844,,,
48.8,5.69345,19395.07,0.03857,,,
48.9,5.70531,19402.97,0.03869,,,
49,5.71696,19417.40,0.03882,,,
49.1,5.72846,19425.20,0.03896,,,
49.2,5.74021,19437.89,0.03909,,,
49.3,5.75186,19441.73,0.03922,,,
49.4,5.76366,19455.97,0.03934,,,
49.5,5.77532,19463.68,0.03948,,,
49.6,5.78677,19468.28,0.03961,,,
49.7,5.79857,19480.55,0.03973,,,
49.8,5.81022,19486.37,0.03986,,,
49.9,5.82212,19504.05,0.04,,,
50,5.83342,19506.55,0.04013,,,
50.1,5.84513,19516.24,0.04026,,,
50.2,5.85698,19525.55,0.04039,,,
50.3,5.86863,19529.70,0.04052,,,
50.4,5.88033,19548.71,0.04065,,,
50.5,5.89183,19551.38,0.04078,,,
50.6,5.90354,19563.99,0.04091,,,
50.7,5.91519,19568.74,0.04104,,,
50.8,5.92699,19575.88,0.04117,,,
50.9,5.93859,19591.45,0.04131,,,
51,5.95014,19592.82,0.04144,,,
51.1,5.96185,19606.32,0.04156,,,
51.2,5.9737,19612.04,0.04169,,,
51.3,5.98525,19622.89,0.04183,,,
51.4,5.99675,19632.15,0.04196,,,
51.5,6.00855,19633.64,0.04209,,,
51.6,6.02015,19647.15,0.04222,,,
51.7,6.03211,19654.53,0.04235,,,
51.8,6.04346,19666.06,0.04248,,,
51.9,6.05511,19672.24,0.04261,,,
52,6.06691,19679.55,0.04274,,,
52.1,6.07856,19688.70,0.04288,,,
52.2,6.09037,19695.89,0.04302,,,
52.3,6.10177,19707.54,0.04314,,,
52.4,6.11352,19713.07,0.04327,,,
52.5,6.12522,19723.64,0.0434,,,
52.6,6.13692,19729.04,0.04353,,,
52.7,6.14853,19735.37,0.04367,,,
52.8,6.16028,19750.42,0.0438,,,
52.9,6.17183,19749.70,0.04393,,,
53,6.18373,19767.55,0.04406,,,
53.1,6.19523,19768.60,0.0442,,,
53.2,6.20688,19781.59,0.04433,,,
53.3,6.21849,19784.17,0.04446,,,
53.4,6.23014,19789.41,0.0446,,,
53.5,6.24204,19806.05,0.04472,,,
53.6,6.25354,19809.06,0.04486,,,
53.7,6.26509,19821.72,0.04499,,,
53.8,6.2769,19823.23,0.04512,,,
53.9,6.28855,19829.89,0.04525,,,
54,6.3004,19843.16,0.04539,,,
54.1,6.31185,19846.03,0.04553,,,
54.2,6.32345,19858.20,0.04566,,,
54.3,6.33526,19862.33,0.04578,,,
54.4,6.34701,19872.86,0.04592,,,
54.5,6.35871,19880.12,0.04606,,,
54.6,6.37016,19882.24,0.04619,,,
54.7,6.38186,19895.15,0.04631,,,
54.8,6.39356,19898.35,0.04645,,,
54.9,6.40532,19912.51,0.04658,,,
55,6.41687,19917.82,0.04672,,,
55.1,6.42857,19922.56,0.04686,,,
55.2,6.44012,19930.37,0.04699,,,
55.3,6.45202,19936.76,0.04712,,,
55.4,6.46358,19948.77,0.04725,,,
55.5,6.47518,19954.29,0.04739,,,
55.6,6.48688,19961.21,0.04752,,,
55.7,6.49848,19965.70,0.04766,,,
55.8,6.51048,19973.82,0.04779,,,
55.9,6.52178,19984.29,0.04792,,,
56,6.53344,19987.39,0.04806,,,
56.1,6.54519,19999.84,0.04819,,,
56.2,6.55694,20002.40,0.04833,,,
56.3,6.56864,20008.01,0.04846,,,
56.4,6.58019,20019.62,0.0486,,,
56.5,6.59179,20019.73,0.04873,,,
56.6,6.6036,20034.54,0.04887,,,
56.7,6.61525,20035.56,0.049,,,
56.8,6.62695,20051.11,0.04913,,,
56.9,6.63845,20051.14,0.04926,,,
57,6.6502,20053.80,0.04941,,,
57.1,6.66201,20068.53,0.04954,,,
57.2,6.67366,20070.28,0.04968,,,
57.3,6.68521,20085.94,0.0498,,,
57.4,6.69691,20084.56,0.04994,,,
57.5,6.70851,20090.79,0.05007,,,
57.6,6.72037,20100.41,0.05021,,,
57.7,6.73182,20103.52,0.05034,,,
57.8,6.74342,20117.19,0.05048,,,
57.9,6.75522,20118.36,0.05062,,,
58,6.76687,20126.30,0.05076,,,
58.1,6.77888,20136.07,0.05089,,,
58.2,6.79013,20134.56,0.05102,,,
58.3,6.80173,20146.98,0.05116,,,
58.4,6.81353,20150.32,0.0513,,,
58.5,6.82528,20160.87,0.05143,,,
58.6,6.83704,20166.80,0.05157,,,
58.7,6.84838,20170.55,0.0517,,,
58.8,6.86019,20178.41,0.05185,,,
58.9,6.87199,20181.62,0.05198,,,
59,6.88364,20192.68,0.05211,,,
59.1,6.89519,20196.73,0.05225,,,
59.2,6.9068,20205.25,0.05238,,,
59.3,6.9185,20209.06,0.05252,,,
59.4,6.93035,20216.79,0.05266,,,
59.5,6.94195,20223.82,0.05279,,,
59.6,6.9534,20225.27,0.05293,,,
59.7,6.96535,20239.77,0.05307,,,
59.8,6.97686,20236.37,0.0532,,,
59.9,6.98871,20251.98,0.05333,,,
60,7.00011,20253.86,0.05347,,,
60.1,7.01186,20259.35,0.05362,,,
60.2,7.02351,20263.83,0.05375,,,
60.3,7.03527,20268.13,0.05388,,,
60.4,7.04702,20283.08,0.05402,,,
60.5,7.05847,20283.71,0.05416,,,
60.6,7.07012,20288.67,0.0543,,,
60.7,7.08197,20295.31,0.05443,,,
60.8,7.09373,20297.94,0.05458,,,
60.9,7.10523,20311.21,0.05471,,,
61,7.11683,20311.73,0.05484,,,
61.1,7.12848,20320.72,0.05498,,,
61.2,7.14033,20325.35,0.05511,,,
61.3,7.15193,20328.38,0.05526,,,
61.4,7.16349,20340.42,0.05539,,,
61.5,7.17529,20339.84,0.05553,,,
61.6,7.18684,20349.27,0.05567,,,
61.7,7.19869,20352.91,0.05581,,,
61.8,7.21019,20362.47,0.05595,,,
61.9,7.22185,20367.56,0.05608,,,
62,7.2336,20366.76,0.05622,,,
62.1,7.24515,20375.19,0.05636,,,
62.2,7.257,20380.64,0.0565,,,
62.3,7.2685,20393.26,0.05663,,,
62.4,7.2802,20393.04,0.05677,,,
62.5,7.29191,20399.78,0.05692,,,
62.6,7.30351,20401.59,0.05705,,,
62.7,7.31541,20410.90,0.05719,,,
62.8,7.32676,20417.50,0.05732,,,
62.9,7.33846,20417.03,0.05746,,,
63,7.35027,20430.55,0.05761,,,
63.1,7.36202,20431.13,0.05774,,,
63.2,7.37352,20435.37,0.05788,,,
63.3,7.38527,20444.53,0.05801,,,
63.4,7.39682,20442.23,0.05816,,,
63.5,7.40873,20456.81,0.0583,,,
63.6,7.42013,20456.75,0.05844,,,
63.7,7.43183,20470.10,0.05857,,,
63.8,7.44358,20468.74,0.05872,,,
63.9,7.45523,20468.65,0.05886,,,
64,7.46708,20483.59,0.05899,,,
64.1,7.47854,20483.90,0.05912,,,
64.2,7.49019,20494.63,0.05927,,,
64.3,7.50189,20493.13,0.05942,,,
64.4,7.51354,20499.15,0.05955,,,
64.5,7.52534,20506.90,0.05968,,,
64.6,7.53679,20507.74,0.05982,,,
64.7,7.54845,20517.21,0.05997,,,
64.8,7.5602,20518.54,0.06011,,,
64.9,7.57195,20528.02,0.06024,,,
65,7.5837,20534.07,0.06038,,,
65.1,7.59515,20533.91,0.06052,,,
65.2,7.60681,20540.12,0.06067,,,
65.3,7.61861,20541.93,0.0608,,,
65.4,7.63031,20553.48,0.06094,,,
65.5,7.64181,20556.40,0.06109,,,
65.6,7.65351,20562.83,0.06123,,,
65.7,7.66522,20564.40,0.06136,,,
65.8,7.67712,20567.54,0.0615,,,
65.9,7.68852,20576.50,0.06164,,,
66,7.70007,20579.31,0.06178,,,
66.1,7.71187,20587.62,0.06192,,,
66.2,7.72358,20588.03,0.06207,,,
66.3,7.73538,20597.69,0.06222,,,
66.4,7.74683,20600.09,0.06236,,,
66.5,7.75838,20599.36,0.0625,,,
66.6,7.77028,20613.96,0.06263,,,
66.7,7.78193,20610.67,0.06277,,,
66.8,7.79364,20625.46,0.06292,,,
66.9,7.80509,20622.26,0.06305,,,
67,7.81684,20626.37,0.0632,,,
67.1,7.82864,20633.14,0.06334,,,
67.2,7.84029,20634.09,0.06349,,,
67.3,7.85189,20648.46,0.06362,,,
67.4,7.8635,20644.40,0.06376,,,
67.5,7.8752,20652.39,0.06391,,,
67.6,7.88715,20656.92,0.06405,,,
67.7,7.8986,20655.11,0.06419,,,
67.8,7.91005,20666.19,0.06432,,,
67.9,7.92181,20666.10,0.06448,,,
68,7.93356,20676.65,0.06462,,,
68.1,7.94546,20678.12,0.06476,,,
68.2,7.95681,20684.88,0.06489,,,
68.3,7.96841,20688.77,0.06504,,,
68.4,7.98027,20688.32,0.06518,,,
68.5,7.99197,20696.33,0.06532,,,
68.6,8.00367,20699.07,0.06546,,,
68.7,8.01507,20707.99,0.0656,,,
68.8,8.02682,20707.53,0.06575,,,
68.9,8.03858,20714.90,0.06589,,,
69,8.05023,20715.87,0.06603,,,
69.1,8.06188,20720.09,0.06617,,,
69.2,8.07353,20728.22,0.06632,,,
69.3,8.08523,20727.50,0.06646,,,
69.4,8.09698,20736.57,0.06659,,,
69.5,8.10854,20732.58,0.06674,,,
69.6,8.12019,20746.30,0.06688,,,
69.7,8.13189,20747.48,0.06703,,,
69.8,8.14349,20745.50,0.06716,,,
69.9,8.15534,20758.30,0.06731,,,
70,8.16694,20758.99,0.06745,,,
70.1,8.1784,20767.59,0.0676,,,
70.2,8.19035,20768.84,0.06774,,,
70.3,8.20185,20768.45,0.06788,,,
70.4,8.21375,20779.01,0.06803,,,
70.5,8.225,20775.90,0.06817,,,
70.6,8.23686,20788.29,0.06831,,,
70.7,8.24871,20786.20,0.06845,,,
70.8,8.26031,20793.02,0.0686,,,
70.9,8.27196,20797.88,0.06874,,,
71,8.28346,20801.56,0.06889,,,
71.1,8.29522,20804.58,0.06903,,,
71.2,8.30692,20803.08,0.06917,,,
71.3,8.31862,20812.97,0.06931,,,
71.4,8.33017,20814.96,0.06946,,,
71.5,8.34192,20824.27,0.0696,,,
71.6,8.35347,20820.85,0.06975,,,
71.7,8.36533,20826.29,0.06989,,,
71.8,8.37688,20831.29,0.07003,,,
71.9,8.38858,20835.17,0.07018,,,
72,8.40028,20840.48,0.07032,,,
72.1,8.41183,20837.70,0.07047,,,
72.2,8.42369,20849.39,0.07061,,,
72.3,8.43519,20850.24,0.07075,,,
72.4,8.44679,20850.86,0.0709,,,
72.5,8.45854,20859.26,0.07104,,,
72.6,8.47029,20858.46,0.07118,,,
72.7,8.4821,20869.87,0.07132,,,
72.8,8.49355,20867.92,0.07147,,,
72.9,8.5051,20872.03,0.07162,,,
73,8.51685,20876.04,0.07176,,,
73.1,8.52865,20876.49,0.0719,,,
73.2,8.54025,20889.10,0.07205,,,
73.3,8.55196,20885.47,0.0722,,,
73.4,8.56341,20891.89,0.07234,,,
73.5,8.57531,20895.45,0.07248,,,
73.6,8.58701,20897.40,0.07263,,,
73.7,8.59846,20904.44,0.07277,,,
73.8,8.61016,20900.35,0.07291,,,
73.9,8.62187,20911.18,0.07305,,,
74,8.63377,20912.00,0.0732,,,
74.1,8.64512,20918.55,0.07336,,,
74.2,8.65677,20921.13,0.0735,,,
74.3,8.66862,20918.65,0.07364,,,
74.4,8.68028,20926.25,0.07379,,,
74.5,8.69208,20928.19,0.07393,,,
74.6,8.70348,20937.12,0.07408,,,
74.7,8.71518,20936.10,0.07423,,,
74.8,8.72683,20941.32,0.07437,,,
74.9,8.73864,20941.87,0.07451,,,
75,8.75034,20944.64,0.07466,,,
75.1,8.76179,20952.24,0.0748,,,
75.2,8.77354,20951.00,0.07495,,,
75.3,8.78534,20960.35,0.07509,,,
75.4,8.79694,20956.91,0.07524,,,
75.5,8.80844,20963.77,0.07539,,,
75.6,8.8201,20966.13,0.07553,,,
75.7,8.83185,20966.46,0.07568,,,
75.8,8.8437,20976.17,0.07583,,,
75.9,8.8552,20974.59,0.07597,,,
76,8.86676,20983.85,0.07612,,,
76.1,8.87856,20982.40,0.07626,,,
76.2,8.89026,20981.64,0.07641,,,
76.3,8.90206,20991.47,0.07655,,,
76.4,8.91341,20989.92,0.0767,,,
76.5,8.92517,21001.42,0.07685,,,
76.6,8.93692,20998.24,0.07699,,,
76.7,8.94857,20999.68,0.07714,,,
76.8,8.96027,21007.47,0.07729,,,
76.9,8.97192,21008.04,0.07744,,,
77,8.98347,21013.13,0.07758,,,
77.1,8.99533,21014.44,0.07773,,,
77.2,9.00693,21019.18,0.07788,,,
77.3,9.01863,21024.17,0.07802,,,
77.4,9.03003,21017.97,0.07816,,,
77.5,9.04188,21029.47,0.07832,,,
77.6,9.05369,21028.24,0.07847,,,
77.7,9.06524,21036.55,0.07861,,,
77.8,9.07679,21038.10,0.07876,,,
77.9,9.08864,21039.59,0.0789,,,
78,9.10014,21040.24,0.07905,,,
78.1,9.11199,21042.05,0.0792,,,
78.2,9.12355,21050.68,0.07934,,,
78.3,9.1351,21050.79,0.07949,,,
78.4,9.14685,21056.60,0.07964,,,
78.5,9.15855,21055.24,0.07979,,,
78.6,9.17045,21060.55,0.07993,,,
78.7,9.1818,21064.15,0.08007,,,
78.8,9.19356,21063.74,0.08023,,,
78.9,9.20526,21070.80,0.08038,,,
79,9.21696,21068.51,0.08052,,,
79.1,9.22866,21079.41,0.08066,,,
79.2,9.24017,21078.17,0.08081,,,
79.3,9.25182,21074.91,0.08097,,,
79.4,9.26362,21085.67,0.08111,,,
79.5,9.27532,21084.77,0.08126,,,
79.6,9.28687,21094.20,0.08141,,,
79.7,9.29857,21091.58,0.08156,,,
79.8,9.31013,21088.34,0.0817,,,
79.9,9.32208,21100.50,0.08185,,,
80,9.33353,21097.04,0.082,,,
80.1,9.34513,21108.79,0.08216,,,
80.2,9.35693,21105.01,0.0823,,,
80.3,9.36854,21106.37,0.08245,,,
80.4,9.38039,21113.23,0.08259,,,
80.5,9.39189,21111.22,0.08275,,,
80.6,9.40349,21119.25,0.08289,,,
80.7,9.41524,21116.49,0.08304,,,
80.8,9.42694,21123.65,0.08319,,,
80.9,9.4387,21126.55,0.08334,,,
81,9.4501,21123.22,0.08348,,,
81.1,9.4618,21131.14,0.08364,,,
81.2,9.4737,21130.26,0.08379,,,
81.3,9.48535,21137.76,0.08394,,,
81.4,9.49691,21139.87,0.08408,,,
81.5,9.50851,21141.37,0.08423,,,
81.6,9.52016,21142.71,0.08438,,,
81.7,9.53191,21141.29,0.08453,,,
81.8,9.54361,21151.20,0.08468,,,
81.9,9.55516,21151.51,0.08483,,,
82,9.56687,21155.40,0.08498,,,
82.1,9.57847,21153.80,0.08513,,,
82.2,9.59047,21155.62,0.08527,,,
82.3,9.60182,21161.90,0.08543,,,
82.4,9.61337,21160.97,0.08558,,,
82.5,9.62523,21168.33,0.08573,,,
82.6,9.63683,21164.84,0.08588,,,
82.7,9.64873,21174.38,0.08604,,,
82.8,9.66008,21174.03,0.08618,,,
82.9,9.67188,21173.61,0.08632,,,
83,9.68359,21180.48,0.08648,,,
83.1,9.69529,21179.06,0.08663,,,
83.2,9.70694,21187.48,0.08678,,,
83.3,9.71844,21186.24,0.08692,,,
83.4,9.73019,21184.45,0.08708,,,
83.5,9.74194,21191.56,0.08723,,,
83.6,9.7536,21190.48,0.08739,,,
83.7,9.76515,21200.50,0.08753,,,
83.8,9.777,21198.76,0.08768,,,
83.9,9.7885,21197.77,0.08783,,,
84,9.8004,21204.68,0.08799,,,
84.1,9.81191,21201.44,0.08813,,,
84.2,9.82346,21211.86,0.08828,,,
84.3,9.83511,21203.97,0.08843,,,
84.4,9.84686,21215.24,0.08859,,,
84.5,9.85876,21215.35,0.08874,,,
84.6,9.87006,21215.57,0.08889,,,
84.7,9.88182,21221.00,0.08904,,,
84.8,9.89367,21216.41,0.0892,,,
84.9,9.90527,21223.43,0.08934,,,
85,9.91702,21224.97,0.08949,,,
85.1,9.92842,21230.78,0.08965,,,
85.2,9.94018,21230.72,0.0898,,,
85.3,9.95193,21228.79,0.08995,,,
85.4,9.96363,21233.86,0.0901,,,
85.5,9.97523,21234.97,0.09025,,,
85.6,9.98683,21242.14,0.0904,,,
85.7,9.99854,21239.88,0.09056,,,
85.8,10.01034,21246.74,0.09071,,,
85.9,10.02194,21244.91,0.09086,,,
86,10.03349,21246.28,0.09101,,,
86.1,10.04524,21251.86,0.09116,,,
86.2,10.05679,21247.29,0.09132,,,
86.3,10.0687,21257.96,0.09147,,,
86.4,10.0802,21255.16,0.09161,,,
86.5,10.0919,21264.41,0.09177,,,
86.6,10.1036,21260.41,0.09192,,,
86.7,10.11515,21255.18,0.09207,,,
86.8,10.12716,21269.52,0.09222,,,
86.9,10.13841,21263.89,0.09238,,,
87,10.15016,21272.63,0.09253,,,
87.1,10.16191,21270.14,0.09268,,,
87.2,10.17366,21273.80,0.09284,,,
87.3,10.18526,21276.65,0.093,,,
87.4,10.19687,21274.04,0.09315,,,
87.5,10.20852,21279.99,0.0933,,,
87.6,10.22032,21278.89,0.09345,,,
87.7,10.23187,21285.25,0.09361,,,
87.8,10.24357,21289.69,0.09376,,,
87.9,10.25518,21287.22,0.09391,,,
88,10.26688,21288.31,0.09407,,,
88.1,10.27873,21289.03,0.09422,,,
88.2,10.29023,21295.62,0.09438,,,
88.3,10.30178,21295.17,0.09452,,,
88.4,10.31364,21300.75,0.09468,,,
88.5,10.32519,21296.34,0.09484,,,
88.6,10.33704,21297.95,0.09499,,,
88.7,10.34839,21304.59,0.09514,,,
88.8,10.36019,21304.48,0.09529,,,
88.9,10.37179,21308.04,0.09545,,,
89,10.38365,21306.23,0.0956,,,
89.1,10.39545,21315.24,0.09575,,,
89.2,10.4068,21312.90,0.09591,,,
89.3,10.41845,21308.55,0.09607,,,
89.4,10.43025,21317.32,0.09622,,,
89.5,10.44191,21313.75,0.09637,,,
89.6,10.45356,21326.49,0.09653,,,
89.7,10.46511,21320.46,0.09669,,,
89.8,10.47691,21324.27,0.09683,,,
89.9,10.48871,21326.10,0.09699,,,
90,10.50031,21323.83,0.09715,,,
90.1,10.51177,21333.07,0.09731,,,
90.2,10.52352,21328.30,0.09746,,,
90.3,10.53517,21334.21,0.09761,,,
90.4,10.54707,21335.69,0.09777,,,
90.5,10.55857,21334.38,0.09793,,,
90.6,10.57008,21340.31,0.09808,,,
90.7,10.58198,21339.04,0.09823,,,
90.8,10.59358,21343.10,0.09839,,,
90.9,10.60538,21343.69,0.09854,,,
91,10.61668,21347.01,0.0987,,,
91.1,10.62848,21348.99,0.09886,,,
91.2,10.64024,21343.01,0.09901,,,
91.3,10.65199,21351.65,0.09917,,,
91.4,10.66364,21352.57,0.09933,,,
91.5,10.67514,21357.47,0.09948,,,
91.6,10.68684,21352.44,0.09963,,,
91.7,10.6987,21358.91,0.09979,,,
91.8,10.7103,21358.05,0.09995,,,
91.9,10.7218,21358.46,0.10011,,,
92,10.7335,21365.28,0.10026,,,
92.1,10.74515,21360.77,0.10042,,,
92.2,10.75706,21370.21,0.10057,,,
92.3,10.76856,21367.28,0.10073,,,
92.4,10.78016,21370.92,0.10088,,,
92.5,10.79196,21371.54,0.10104,,,
92.6,10.80356,21367.39,0.10121,,,
92.7,10.81542,21378.16,0.10136,,,
92.8,10.82682,21375.46,0.10151,,,
92.9,10.83847,21380.43,0.10167,,,
93,10.85022,21378.90,0.10183,,,
93.1,10.86192,21374.63,0.10198,,,
93.2,10.87362,21384.08,0.10213,,,
93.3,10.88518,21381.60,0.10229,,,
93.4,10.89693,21389.17,0.10246,,,
93.5,10.90863,21385.78,0.10261,,,
93.6,10.92023,21384.58,0.10277,,,
93.7,10.93193,21393.32,0.10293,,,
93.8,10.94349,21388.16,0.10308,,,
93.9,10.95519,21394.67,0.10324,,,
94,10.96694,21392.44,0.10339,,,
94.1,10.97869,21399.20,0.10355,,,
94.2,10.99014,21399.02,0.10371,,,
94.3,11.00194,21395.01,0.10387,,,
94.4,11.01345,21399.14,0.10403,,,
94.5,11.02545,21401.27,0.10419,,,
94.6,11.0367,21406.42,0.10434,,,
94.7,11.0485,21407.61,0.1045,,,
94.8,11.0603,21402.69,0.10466,,,
94.9,11.07186,21405.64,0.10482,,,
95,11.08366,21408.98,0.10498,,,
95.1,11.09516,21415.63,0.10514,,,
95.2,11.10691,21410.94,0.10529,,,
95.3,11.11851,21413.91,0.10545,,,
95.4,11.13021,21412.79,0.10561,,,
95.5,11.14197,21413.95,0.10577,,,
95.6,11.15347,21419.97,0.10592,,,
95.7,11.16522,21417.07,0.10608,,,
95.8,11.17692,21422.28,0.10625,,,
95.9,11.18862,21419.70,0.10641,,,
96,11.20033,21425.55,0.10656,,,
96.1,11.21188,21423.19,0.10672,,,
96.2,11.22348,21419.20,0.10688,,,
96.3,11.23533,21430.24,0.10703,,,
96.4,11.24693,21427.31,0.1072,,,
96.5,11.25848,21434.30,0.10736,,,
96.6,11.27019,21429.86,0.10752,,,
96.7,11.28189,21426.44,0.10767,,,
96.8,11.29384,21438.15,0.10783,,,
96.9,11.30519,21432.54,0.10799,,,
97,11.31674,21439.43,0.10816,,,
97.1,11.32855,21435.56,0.10831,,,
97.2,11.3403,21438.57,0.10847,,,
97.3,11.35195,21443.04,0.10864,,,
97.4,11.36355,21438.15,0.10879,,,
97.5,11.37515,21444.21,0.10896,,,
97.6,11.38701,21443.90,0.10911,,,
97.7,11.39861,21446.98,0.10927,,,
97.8,11.41021,21448.70,0.10943,,,
97.9,11.42181,21444.47,0.10959,,,
98,11.43351,21450.07,0.10975,,,
98.1,11.44531,21446.72,0.10991,,,
98.2,11.45697,21455.06,0.11007,,,
98.3,11.46847,21453.52,0.11023,,,
98.4,11.48022,21455.23,0.11039,,,
98.5,11.49187,21453.34,0.11055,,,
98.6,11.50377,21455.25,0.11072,,,
98.7,11.51517,21459.38,0.11088,,,
98.8,11.52673,21456.53,0.11103,,,
98.9,11.53853,21463.02,0.11119,,,
99,11.55023,21458.24,0.11136,,,
99.1,11.56203,21466.06,0.11152,,,
99.2,11.57343,21464.34,0.11168,,,
99.3,11.58519,21461.93,0.11184,,,
99.4,11.59699,21467.18,0.11201,,,
99.5,11.60864,21462.18,0.11216,,,
99.6,11.62019,21472.10,0.11232,,,
99.7,11.63179,21468.86,0.11248,,,
99.8,11.64345,21470.86,0.11265,,,
99.9,11.6553,21472.08,0.11281,,,
100,11.6669,21466.80,0.11297,,,
100.1,11.6785,21478.47,0.11314,,,
100.2,11.6902,21471.35,0.1133,,,
100.3,11.70196,21479.46,0.11346,,,
100.4,11.71366,21474.18,0.11362,,,
100.5,11.72516,21476.92,0.11378,,,
100.6,11.73686,21483.09,0.11394,,,
100.7,11.74856,21474.23,0.1141,,,
100.8,11.76016,21480.95,0.11427,,,
100.9,11.77202,21479.73,0.11443,,,
101,11.78362,21488.51,0.11459,,,
101.1,11.79512,21482.58,0.11475,,,
101.2,11.80697,21486.16,0.11492,,,
101.3,11.81857,21483.73,0.11507,,,
101.4,11.83038,21485.58,0.11524,,,
101.5,11.84163,21489.31,0.1154,,,
101.6,11.85348,21487.82,0.11556,,,
101.7,11.86533,21493.89,0.11572,,,
101.8,11.87698,21488.96,0.11589,,,
101.9,11.88858,21493.68,0.11606,,,
102,11.90019,21494.40,0.11622,,,
102.1,11.91184,21488.52,0.11639,,,
102.2,11.92359,21496.63,0.11655,,,
102.3,11.93524,21493.30,0.11671,,,
102.4,11.94679,21501.78,0.11687,,,
102.5,11.9586,21497.38,0.11703,,,
102.6,11.9702,21492.59,0.1172,,,
102.7,11.98205,21499.41,0.11736,,,
102.8,11.99355,21496.88,0.11752,,,
102.9,12.0052,21506.50,0.11769,,,
103,12.01691,21498.70,0.11785,,,
103.1,12.02851,21503.32,0.11802,,,
103.2,12.04036,21504.85,0.11818,,,
103.3,12.05186,21501.14,0.11835,,,
103.4,12.06346,21507.26,0.11851,,,
103.5,12.07526,21503.37,0.11868,,,
103.6,12.08692,21509.12,0.11884,,,
103.7,12.09872,21510.64,0.119,,,
103.8,12.11022,21510.48,0.11916,,,
103.9,12.12177,21507.71,0.11933,,,
104,12.13367,21507.18,0.1195,,,
104.1,12.14528,21512.74,0.11966,,,
104.2,12.15683,21511.86,0.11982,,,
104.3,12.16858,21516.66,0.11998,,,
104.4,12.18013,21510.82,0.12015,,,
104.5,12.19203,21519.50,0.12032,,,
104.6,12.20363,21516.54,0.12048,,,
104.7,12.21514,21513.58,0.12065,,,
104.8,12.22684,21516.93,0.12082,,,
104.9,12.23854,21514.42,0.12098,,,
105,12.25044,21524.97,0.12114,,,
105.1,12.26179,21518.83,0.12132,,,
105.2,12.27349,21524.81,0.12148,,,
105.3,12.2853,21519.76,0.12164,,,
105.4,12.2969,21519.43,0.12181,,,
105.5,12.3087,21527.69,0.12198,,,
105.6,12.3202,21521.40,0.12215,,,
105.7,12.33181,21526.67,0.12231,,,
105.8,12.34351,21522.87,0.12248,,,
105.9,12.35531,21529.33,0.12264,,,
106,12.36691,21529.50,0.12281,,,
106.1,12.37851,21526.54,0.12298,,,
106.2,12.39011,21528.22,0.12315,,,
106.3,12.40202,21527.06,0.12331,,,
106.4,12.41357,21532.36,0.12348,,,
106.5,12.42507,21530.33,0.12365,,,
106.6,12.43692,21534.70,0.12381,,,
106.7,12.44852,21530.15,0.12398,,,
106.8,12.46038,21529.15,0.12415,,,
106.9,12.47178,21534.64,0.12432,,,
107,12.48348,21532.83,0.12449,,,
107.1,12.49523,21537.44,0.12465,,,
107.2,12.50688,21533.04,0.12481,,,
107.3,12.51868,21540.02,0.12498,,,
107.4,12.53004,21536.65,0.12515,,,
107.5,12.54184,21534.92,0.12533,,,
107.6,12.55364,21539.83,0.12549,,,
107.7,12.56529,21535.17,0.12566,,,
107.8,12.57689,21544.53,0.12583,,,
107.9,12.5886,21541.61,0.126,,,
108,12.6002,21541.17,0.12617,,,
108.1,12.61195,21542.34,0.12633,,,
108.2,12.6236,21537.49,0.12651,,,
108.3,12.63525,21549.17,0.12667,,,
108.4,12.64675,21538.30,0.12684,,,
108.5,12.65851,21546.90,0.12701,,,
108.6,12.67041,21545.87,0.12718,,,
108.7,12.68186,21543.44,0.12735,,,
108.8,12.69341,21548.95,0.12751,,,
108.9,12.70526,21543.12,0.12769,,,
109,12.71687,21547.64,0.12786,,,
109.1,12.72872,21546.83,0.12802,,,
109.2,12.74017,21552.66,0.1282,,,
109.3,12.75182,21549.24,0.12837,,,
109.4,12.76357,21545.41,0.12853,,,
109.5,12.77533,21549.99,0.1287,,,
109.6,12.78703,21548.91,0.12888,,,
109.7,12.79848,21554.62,0.12904,,,
109.8,12.81028,21551.45,0.12921,,,
109.9,12.82193,21553.86,0.12939,,,
110,12.83363,21552.03,0.12955,,,
110.1,12.84519,21550.94,0.12972,,,
110.2,12.85694,21557.05,0.12989,,,
110.3,12.86849,21549.86,0.13007,,,
110.4,12.88029,21558.16,0.13024,,,
110.5,12.89189,21554.80,0.1304,,,
110.6,12.90355,21558.60,0.13058,,,
110.7,12.91525,21556.18,0.13074,,,
110.8,12.92675,21550.63,0.13091,,,
110.9,12.93875,21562.36,0.13108,,,
111,12.95015,21557.54,0.13126,,,
111.1,12.96175,21562.69,0.13143,,,
111.2,12.97356,21559.58,0.1316,,,
111.3,12.98526,21553.79,0.13177,,,
111.4,12.99696,21562.61,0.13194,,,
111.5,13.00856,21560.05,0.13211,,,
111.6,13.02016,21564.00,0.13229,,,
111.7,13.03197,21559.68,0.13246,,,
111.8,13.04357,21559.36,0.13263,,,
111.9,13.05527,21565.49,0.1328,,,
112,13.06682,21560.82,0.13298,,,
112.1,13.07852,21565.31,0.13315,,,
112.2,13.09038,21563.15,0.13332,,,
112.3,13.10203,21566.89,0.1335,,,
112.4,13.11348,21567.61,0.13367,,,
112.5,13.12523,21561.41,0.13384,,,
112.6,13.13683,21565.92,0.13402,,,
112.7,13.14863,21562.17,0.13419,,,
112.8,13.16024,21570.46,0.13436,,,
112.9,13.17184,21568.25,0.13453,,,
113,13.18349,21566.84,0.13471,,,
113.1,13.19519,21566.34,0.13488,,,
113.2,13.20714,21565.43,0.13506,,,
113.3,13.21844,21570.62,0.13523,,,
113.4,13.2301,21566.54,0.1354,,,
113.5,13.2419,21571.80,0.13557,,,
113.6,13.25355,21567.26,0.13575,,,
113.7,13.26535,21569.86,0.13592,,,
113.8,13.27675,21569.99,0.13609,,,
113.9,13.28851,21566.58,0.13626,,,
114,13.30031,21574.34,0.13645,,,
114.1,13.31201,21569.20,0.13662,,,
114.2,13.32351,21576.04,0.13679,,,
114.3,13.33511,21570.79,0.13697,,,
114.4,13.34687,21568.43,0.13714,,,
114.5,13.35867,21574.64,0.13731,,,
114.6,13.37027,21569.69,0.13749,,,
114.7,13.38177,21577.44,0.13767,,,
114.8,13.39367,21573.61,0.13784,,,
114.9,13.40518,21574.12,0.13801,,,
115,13.41703,21576.05,0.13819,,,
115.1,13.42848,21570.52,0.13836,,,
115.2,13.44013,21579.19,0.13854,,,
115.3,13.45188,21570.80,0.13872,,,
115.4,13.46353,21577.23,0.13889,,,
115.5,13.47539,21577.59,0.13906,,,
115.6,13.48679,21575.86,0.13925,,,
115.7,13.49844,21575.70,0.13942,,,
115.8,13.51034,21572.81,0.1396,,,
115.9,13.52194,21576.97,0.13978,,,
116,13.53365,21577.65,0.13996,,,
116.1,13.5452,21580.04,0.14013,,,
116.2,13.5568,21575.51,0.14029,,,
116.3,13.5686,21573.54,0.14048,,,
116.4,13.5803,21579.37,0.14065,,,
116.5,13.59185,21577.94,0.14083,,,
116.6,13.60366,21583.08,0.14101,,,
116.7,13.61521,21575.80,0.14119,,,
116.8,13.62696,21577.47,0.14136,,,
116.9,13.63856,21580.20,0.14153,,,
117,13.65016,21577.61,0.14172,,,
117.1,13.66192,21581.84,0.1419,,,
117.2,13.67347,21575.46,0.14207,,,
117.3,13.68537,21584.18,0.14225,,,
117.4,13.69682,21581.03,0.14242,,,
117.5,13.70857,21577.88,0.1426,,,
117.6,13.72023,21581.06,0.14279,,,
117.7,13.73188,21574.43,0.14296,,,
117.8,13.74373,21587.13,0.14313,,,
117.9,13.75513,21580.28,0.14332,,,
118,13.76683,21582.14,0.1435,,,
118.1,13.77858,21582.44,0.14367,,,
118.2,13.79039,21577.22,0.14385,,,
118.3,13.80184,21584.39,0.14404,,,
118.4,13.81354,21579.78,0.14421,,,
118.5,13.82514,21583.93,0.14439,,,
118.6,13.83709,21582.44,0.14457,,,
118.7,13.84855,21580.60,0.14475,,,
118.8,13.86015,21585.93,0.14493,,,
118.9,13.87185,21577.12,0.14511,,,
119,13.88355,21583.54,0.14529,,,
119.1,13.8954,21583.55,0.14547,,,
119.2,13.90685,21586.86,0.14565,,,
119.3,13.91846,21583.86,0.14583,,,
119.4,13.93026,21579.06,0.146,,,
119.5,13.94186,21582.32,0.14619,,,
119.6,13.95366,21581.19,0.14637,,,
119.7,13.96516,21587.99,0.14655,,,
119.8,13.97687,21582.45,0.14673,,,
119.9,13.98852,21582.93,0.14692,,,
120,14.00032,21581.79,0.1471,,,
120.1,14.01207,21582.90,0.14727,,,
120.2,14.02347,21583.70,0.14746,,,
120.3,14.03512,21578.83,0.14764,,,
120.4,14.04698,21586.90,0.14781,,,
120.5,14.05863,21581.55,0.148,,,
120.6,14.07018,21582.72,0.14818,,,
120.7,14.08183,21583.46,0.14836,,,
120.8,14.09353,21579.63,0.14854,,,
120.9,14.10544,21587.00,0.14873,,,
121,14.11694,21582.49,0.14891,,,
121.1,14.12839,21586.53,0.14909,,,
121.2,14.14024,21583.32,0.14927,,,
121.3,14.15189,21578.32,0.14946,,,
121.4,14.1637,21586.74,0.14963,,,
121.5,14.1752,21581.97,0.14982,,,
121.6,14.1868,21587.54,0.15,,,
121.7,14.19865,21585.06,0.15019,,,
121.8,14.21025,21580.58,0.15037,,,
121.9,14.2219,21585.88,0.15055,,,
122,14.23345,21581.39,0.15073,,,
122.1,14.24521,21587.00,0.15092,,,
122.2,14.25691,21579.97,0.1511,,,
122.3,14.26866,21586.68,0.15129,,,
122.4,14.28021,21585.81,0.15148,,,
122.5,14.29187,21582.85,0.15166,,,
122.6,14.30352,21581.25,0.15184,,,
122.7,14.31542,21580.38,0.15203,,,
122.8,14.32692,21584.70,0.15221,,,
122.9,14.33847,21583.81,0.1524,,,
123,14.35017,21587.00,0.15258,,,
123.1,14.36188,21581.73,0.15277,,,
123.2,14.37378,21581.18,0.15295,,,
123.3,14.38513,21584.11,0.15313,,,
123.4,14.39678,21581.79,0.15332,,,
123.5,14.40863,21586.62,0.1535,,,
123.6,14.42029,21579.61,0.15369,,,
123.7,14.43199,21585.13,0.15388,,,
123.8,14.44344,21584.23,0.15406,,,
123.9,14.45514,21578.45,0.15425,,,
124,14.46694,21585.19,0.15443,,,
124.1,14.47859,21577.73,0.15462,,,
124.2,14.49025,21587.30,0.1548,,,
124.3,14.50185,21581.79,0.15499,,,
124.4,14.51355,21582.94,0.15518,,,
124.5,14.5253,21582.47,0.15536,,,
124.6,14.5369,21575.85,0.15555,,,
124.7,14.54851,21587.71,0.15574,,,
124.8,14.56021,21580.48,0.15592,,,
124.9,14.57186,21582.13,0.15611,,,
125,14.58366,21581.39,0.1563,,,
125.1,14.59531,21577.94,0.15648,,,
125.2,14.60676,21583.09,0.15667,,,
125.3,14.61862,21579.49,0.15686,,,
125.4,14.63017,21581.72,0.15705,,,
125.5,14.64212,21581.91,0.15724,,,
125.6,14.65332,21580.71,0.15743,,,
125.7,14.66518,21583.45,0.15761,,,
125.8,14.67698,21575.83,0.1578,,,
125.9,14.68863,21580.68,0.15799,,,
126,14.70033,21580.54,0.15818,,,
126.1,14.71178,21583.74,0.15838,,,
126.2,14.72343,21577.80,0.15856,,,
126.3,14.73524,21575.94,0.15875,,,
126.4,14.74699,21579.48,0.15894,,,
126.5,14.75854,21577.41,0.15913,,,
126.6,14.77014,21581.46,0.15932,,,
126.7,14.78184,21576.50,0.15951,,,
126.8,14.7937,21577.21,0.1597,,,
126.9,14.8053,21577.05,0.15989,,,
127,14.8169,21576.05,0.16007,,,
127.1,14.82855,21578.11,0.16027,,,
127.2,14.84015,21572.37,0.16045,,,
127.3,14.85205,21580.56,0.16064,,,
127.4,14.86361,21576.55,0.16084,,,
127.5,14.87511,21575.13,0.16102,,,
127.6,14.88691,21576.54,0.16121,,,
127.7,14.89851,21569.80,0.16141,,,
127.8,14.91047,21581.07,0.1616,,,
127.9,14.92187,21573.29,0.16179,,,
128,14.93342,21577.01,0.16198,,,
128.1,14.94527,21574.20,0.16217,,,
128.2,14.95697,21569.63,0.16236,,,
128.3,14.96857,21577.76,0.16255,,,
128.4,14.98022,21570.93,0.16275,,,
128.5,14.99178,21574.61,0.16294,,,
128.6,15.00363,21573.68,0.16314,,,
128.7,15.01533,21574.52,0.16332,,,
128.8,15.02683,21574.37,0.16351,,,
128.9,15.03848,21566.11,0.16371,,,
129,15.05019,21572.42,0.16391,,,
129.1,15.06209,21569.41,0.1641,,,
129.2,15.07354,21574.24,0.16429,,,
129.3,15.08509,21571.04,0.16448,,,
129.4,15.09699,21567.70,0.16467,,,
129.5,15.10855,21568.44,0.16487,,,
129.6,15.12045,21568.13,0.16507,,,
129.7,15.13185,21572.29,0.16526,,,
129.8,15.14345,21566.65,0.16546,,,
129.9,15.1552,21570.90,0.16565,,,
130,15.16695,21566.41,0.16584,,,
130.1,15.17871,21564.54,0.16604,,,
130.2,15.19016,21568.90,0.16623,,,
130.3,15.20176,21562.76,0.16642,,,
130.4,15.21361,21569.75,0.16663,,,
130.5,15.22536,21563.82,0.16682,,,
130.6,15.23687,21567.86,0.167,,,
130.7,15.24847,21564.44,0.16721,,,
130.8,15.26017,21558.71,0.1674,,,
130.9,15.27197,21565.57,0.16759,,,
131,15.28357,21560.14,0.1678,,,
131.1,15.29512,21566.90,0.16799,,,
131.2,15.30688,21560.12,0.16818,,,
131.3,15.31858,21561.76,0.16838,,,
131.4,15.33038,21560.62,0.16858,,,
131.5,15.34183,21556.22,0.16877,,,
131.6,15.35348,21563.38,0.16898,,,
131.7,15.36524,21556.48,0.16917,,,
131.8,15.37689,21560.79,0.16936,,,
131.9,15.38864,21558.32,0.16956,,,
132,15.40029,21561.47,0.16976,,,
132.1,15.41179,21556.54,0.16996,,,
132.2,15.42359,21553.24,0.17016,,,
132.3,15.43525,21556.84,0.17036,,,
132.4,15.447,21556.39,0.17054,,,
132.5,15.4584,21557.27,0.17074,,,
132.6,15.47015,21552.48,0.17094,,,
132.7,15.48205,21558.82,0.17114,,,
132.8,15.49361,21551.74,0.17134,,,
132.9,15.50516,21553.59,0.17153,,,
133,15.51691,21554.17,0.17174,,,
133.1,15.52851,21545.84,0.17194,,,
133.2,15.54031,21554.17,0.17213,,,
133.3,15.55192,21548.85,0.17234,,,
133.4,15.56342,21554.74,0.17254,,,
133.5,15.57522,21549.32,0.17273,,,
133.6,15.58692,21543.10,0.17294,,,
133.7,15.59872,21549.45,0.17314,,,
133.8,15.61017,21544.87,0.17333,,,
133.9,15.62188,21551.76,0.17354,,,
134,15.63358,21543.74,0.17374,,,
134.1,15.64528,21544.73,0.17393,,,
134.2,15.65698,21547.21,0.17414,,,
134.3,15.66853,21540.96,0.17434,,,
134.4,15.68009,21543.89,0.17453,,,
134.5,15.69189,21540.97,0.17474,,,
134.6,15.70364,21546.43,0.17495,,,
134.7,15.71524,21544.05,0.17514,,,
134.8,15.72694,21541.51,0.17535,,,
134.9,15.73844,21538.42,0.17555,,,
135,15.75035,21535.99,0.17575,,,
135.1,15.7619,21541.38,0.17596,,,
135.2,15.77345,21538.80,0.17616,,,
135.3,15.7853,21542.50,0.17636,,,
135.4,15.79685,21533.77,0.17656,,,
135.5,15.80876,21536.45,0.17677,,,
135.6,15.82021,21536.11,0.17697,,,
135.7,15.83181,21531.91,0.17718,,,
135.8,15.84356,21535.56,0.17738,,,
135.9,15.85521,21529.67,0.17758,,,
136,15.86712,21539.04,0.17779,,,
136.1,15.87842,21531.21,0.17799,,,
136.2,15.89012,21529.57,0.1782,,,
136.3,15.90202,21530.74,0.17839,,,
136.4,15.91367,21524.60,0.1786,,,
136.5,15.92533,21533.49,0.17881,,,
136.6,15.93683,21524.80,0.17902,,,
136.7,15.94848,21529.30,0.17922,,,
136.8,15.96023,21524.03,0.17943,,,
136.9,15.97193,21527.30,0.17963,,,
137,15.98358,21527.23,0.17983,,,
137.1,15.99513,21518.42,0.18004,,,
137.2,16.00679,21521.87,0.18024,,,
137.3,16.01879,21520.58,0.18045,,,
137.4,16.03024,21523.52,0.18066,,,
137.5,16.04169,21518.25,0.18086,,,
137.6,16.05349,21521.36,0.18107,,,
137.7,16.0652,21517.90,0.18127,,,
137.8,16.0771,21517.43,0.18148,,,
137.9,16.08845,21516.93,0.18169,,,
138,16.10015,21512.51,0.1819,,,
138.1,16.1119,21516.77,0.1821,,,
138.2,16.12361,21510.62,0.18231,,,
138.3,16.13526,21516.82,0.18252,,,
138.4,16.14676,21510.86,0.18273,,,
138.5,16.15856,21511.22,0.18295,,,
138.6,16.17031,21509.87,0.18315,,,
138.7,16.18196,21504.06,0.18335,,,
138.8,16.19347,21510.35,0.18356,,,
138.9,16.20532,21506.51,0.18377,,,
139,16.21687,21507.23,0.18398,,,
139.1,16.22872,21504.38,0.1842,,,
139.2,16.24017,21504.80,0.1844,,,
139.3,16.25183,21505.37,0.18461,,,
139.4,16.26348,21494.96,0.18482,,,
139.5,16.27518,21500.68,0.18503,,,
139.6,16.28713,21498.82,0.18524,,,
139.7,16.29848,21501.73,0.18545,,,
139.8,16.31018,21497.14,0.18566,,,
139.9,16.32199,21498.31,0.18587,,,
140,16.33359,21491.95,0.18608,,,
140.1,16.34534,21492.57,0.18629,,,
140.2,16.35679,21494.05,0.1865,,,
140.3,16.36849,21487.76,0.18671,,,
140.4,16.3802,21492.75,0.18692,,,
140.5,16.392,21486.45,0.18713,,,
140.6,16.40365,21493.29,0.18735,,,
140.7,16.4152,21486.37,0.18756,,,
140.8,16.4269,21484.87,0.18777,,,
140.9,16.4386,21484.23,0.18799,,,
141,16.45031,21479.57,0.18819,,,
141.1,16.46186,21486.70,0.1884,,,
141.2,16.47356,21479.17,0.18862,,,
141.3,16.48516,21481.36,0.18884,,,
141.4,16.49707,21478.59,0.18904,,,
141.5,16.50852,21472.84,0.18926,,,
141.6,16.52027,21480.71,0.18947,,,
141.7,16.53192,21470.09,0.18968,,,
141.8,16.54347,21473.38,0.1899,,,
141.9,16.55543,21472.46,0.19011,,,
142,16.56683,21473.54,0.19033,,,
142.1,16.57848,21469.29,0.19055,,,
142.2,16.59018,21463.86,0.19075,,,
142.3,16.60198,21466.83,0.19097,,,
142.4,16.61363,21463.17,0.19119,,,
142.5,16.62519,21467.19,0.19139,,,
142.6,16.63679,21458.69,0.19161,,,
142.7,16.64864,21463.04,0.19183,,,
142.8,16.66024,21458.54,0.19204,,,
142.9,16.67199,21457.73,0.19226,,,
143,16.68349,21455.70,0.19248,,,
143.1,16.69514,21449.47,0.19269,,,
143.2,16.70705,21458.05,0.19291,,,
143.3,16.71865,21451.62,0.19313,,,
143.4,16.73015,21454.53,0.19334,,,
143.5,16.7419,21447.39,0.19356,,,
143.6,16.75351,21440.63,0.19378,,,
143.7,16.76536,21446.27,0.19399,,,
143.8,16.77681,21441.30,0.19421,,,
143.9,16.78851,21448.55,0.19443,,,
144,16.80016,21437.32,0.19464,,,
144.1,16.81191,21438.06,0.19486,,,
144.2,16.82382,21439.95,0.19508,,,
144.3,16.83507,21429.99,0.1953,,,
144.4,16.84682,21434.87,0.19552,,,
144.5,16.85852,21427.61,0.19573,,,
144.6,16.87028,21431.77,0.19595,,,
144.7,16.88198,21430.29,0.19617,,,
144.8,16.89343,21423.13,0.19639,,,
144.9,16.90523,21425.21,0.19661,,,
145,16.91703,21419.28,0.19683,,,
145.1,16.92868,21422.90,0.19705,,,
145.2,16.94013,21417.95,0.19727,,,
145.3,16.95184,21419.07,0.19748,,,
145.4,16.96359,21414.21,0.1977,,,
145.5,16.97539,21410.32,0.19793,,,
145.6,16.98684,21411.27,0.19816,,,
145.7,16.99839,21405.88,0.19837,,,
145.8,17.0103,21411.84,0.19859,,,
145.9,17.0219,21400.98,0.19881,,,
146,17.0337,21406.75,0.19904,,,
146.1,17.04505,21399.59,0.19925,,,
146.2,17.05685,21398.12,0.19947,,,
146.3,17.06861,21396.16,0.1997,,,
146.4,17.08026,21389.45,0.19992,,,
146.5,17.09196,21397.11,0.20015,,,
146.6,17.10346,21388.21,0.20037,,,
146.7,17.11516,21389.81,0.20059,,,
146.8,17.12701,21383.91,0.20081,,,
146.9,17.13867,21379.80,0.20103,,,
147,17.15022,21382.54,0.20126,,,
147.1,17.16182,21374.10,0.20148,,,
147.2,17.17352,21376.98,0.2017,,,
147.3,17.18538,21371.13,0.20193,,,
147.4,17.19687,21373.10,0.20215,,,
147.5,17.20848,21370.49,0.20237,,,
147.6,17.22028,21364.20,0.2026,,,
147.7,17.23193,21363.06,0.20282,,,
147.8,17.24373,21357.04,0.20304,,,
147.9,17.25513,21360.26,0.20327,,,
148,17.26684,21355.63,0.20349,,,
148.1,17.27854,21355.50,0.20371,,,
148.2,17.29019,21347.93,0.20394,,,
148.3,17.30194,21343.89,0.20416,,,
148.4,17.31344,21347.03,0.20439,,,
148.5,17.32525,21340.70,0.20461,,,
148.6,17.33695,21341.82,0.20484,,,
148.7,17.34855,21331.68,0.20507,,,
148.8,17.3603,21337.71,0.20528,,,
148.9,17.37175,21330.20,0.20551,,,
149,17.3835,21322.00,0.20574,,,
149.1,17.39521,21326.57,0.20596,,,
149.2,17.40706,21320.13,0.20618,,,
149.3,17.41846,21322.63,0.20641,,,
149.4,17.43021,21314.57,0.20663,,,
149.5,17.44181,21311.31,0.20686,,,
149.6,17.45382,21310.85,0.20709,,,
149.7,17.46512,21301.32,0.20732,,,
149.8,17.47682,21307.37,0.20754,,,
149.9,17.48857,21295.43,0.20777,,,
150,17.50027,21297.91,0.20799,,,
150.1,17.51208,21292.94,0.20822,,,
150.2,17.52348,21289.66,0.20845,,,
150.3,17.53513,21286.21,0.20867,,,
150.4,17.54693,21277.87,0.2089,,,
150.5,17.55858,21278.80,0.20913,,,
150.6,17.57034,21273.61,0.20936,,,
150.7,17.58179,21274.92,0.20959,,,
150.8,17.59349,21266.68,0.20982,,,
150.9,17.60524,21261.07,0.21005,,,
151,17.61699,21259.08,0.21027,,,
151.1,17.62864,21255.55,0.2105,,,
151.2,17.6402,21252.97,0.21073,,,
151.3,17.6518,21243.79,0.21096,,,
151.4,17.6637,21246.92,0.21118,,,
151.5,17.67525,21238.64,0.21141,,,
151.6,17.6868,21238.19,0.21165,,,
151.7,17.69856,21231.99,0.21188,,,
151.8,17.71021,21222.13,0.21211,,,
151.9,17.72211,21225.87,0.21233,,,
152,17.73351,21215.83,0.21256,,,
152.1,17.74506,21218.33,0.21279,,,
152.2,17.75691,21208.70,0.21302,,,
152.3,17.76862,21203.56,0.21325,,,
152.4,17.78037,21203.15,0.21348,,,
152.5,17.79187,21192.50,0.21371,,,
152.6,17.80342,21193.24,0.21394,,,
152.7,17.81532,21187.54,0.21418,,,
152.8,17.82697,21182.38,0.21441,,,
152.9,17.83863,21179.55,0.21464,,,
153,17.85013,21166.14,0.21486,,,
153.1,17.86183,21168.25,0.2151,,,
153.2,17.87368,21158.20,0.21533,,,
153.3,17.88524,21158.59,0.21556,,,
153.4,17.89679,21152.83,0.2158,,,
153.5,17.90854,21143.82,0.21602,,,
153.6,17.92019,21139.18,0.21625,,,
153.7,17.93214,21133.14,0.21649,,,
153.8,17.94354,21131.47,0.21671,,,
153.9,17.95514,21123.27,0.21695,,,
154,17.96685,21119.87,0.21718,,,
154.1,17.9786,21111.00,0.21741,,,
154.2,17.99045,21103.21,0.21765,,,
154.3,18.0018,21102.57,0.21788,,,
154.4,18.01345,21092.69,0.21811,,,
154.5,18.02531,21092.07,0.21834,,,
154.6,18.03701,21079.69,0.21858,,,
154.7,18.04861,21079.01,0.21881,,,
154.8,18.06006,21070.14,0.21904,,,
154.9,18.07187,21060.13,0.21927,,,
155,18.08362,21059.63,0.21951,,,
155.1,18.09522,21046.49,0.21974,,,
155.2,18.10682,21049.04,0.21997,,,
155.3,18.11857,21037.20,0.2202,,,
155.4,18.13027,21031.34,0.22044,,,
155.5,18.14198,21023.03,0.22067,,,
155.6,18.15353,21011.49,0.2209,,,
155.7,18.16518,21015.25,0.22114,,,
155.8,18.17688,20999.07,0.22137,,,
155.9,18.18853,20997.17,0.22161,,,
156,18.20033,20986.92,0.22184,,,
156.1,18.21189,20980.62,0.22207,,,
156.2,18.22349,20974.19,0.22232,,,
156.3,18.23529,20962.08,0.22254,,,
156.4,18.24694,20958.20,0.22278,,,
156.5,18.25874,20950.11,0.22301,,,
156.6,18.26999,20944.93,0.22325,,,
156.7,18.28185,20935.90,0.22349,,,
156.8,18.2937,20923.39,0.22371,,,
156.9,18.30535,20918.40,0.22395,,,
157,18.31685,20909.50,0.22419,,,
157.1,18.3285,20905.55,0.22442,,,
157.2,18.34016,20890.18,0.22466,,,
157.3,18.35191,20887.25,0.22489,,,
157.4,18.36361,20875.59,0.22512,,,
157.5,18.37516,20868.23,0.22536,,,
157.6,18.38691,20859.62,0.2256,,,
157.7,18.39857,20845.32,0.22583,,,
157.8,18.41037,20841.72,0.22605,,,
157.9,18.42187,20829.38,0.22628,,,
158,18.43357,20828.50,0.22651,,,
158.1,18.44522,20810.11,0.22675,,,
158.2,18.45688,20802.92,0.22699,,,
158.3,18.46873,20796.94,0.22722,,,
158.4,18.48013,20781.85,0.22746,,,
158.5,18.49183,20779.02,0.22769,,,
158.6,18.50353,20763.06,0.22792,,,
158.7,18.51529,20759.74,0.22816,,,
158.8,18.52699,20747.46,0.2284,,,
158.9,18.53854,20738.25,0.22864,,,
159,18.55014,20726.03,0.22887,,,
159.1,18.56194,20711.85,0.2291,,,
159.2,18.57359,20706.96,0.22934,,,
159.3,18.5852,20696.71,0.22958,,,
159.4,18.59695,20688.18,0.22982,,,
159.5,18.6085,20671.17,0.23005,,,
159.6,18.6203,20667.13,0.23029,,,
159.7,18.6319,20652.70,0.23053,,,
159.8,18.64345,20640.27,0.23076,,,
159.9,18.6552,20631.47,0.231,,,
160,18.66686,20615.56,0.23124,,,
160.1,18.67876,20611.68,0.23147,,,
160.2,18.69011,20594.99,0.23171,,,
160.3,18.70181,20590.21,0.23195,,,
160.4,18.71367,20571.32,0.23219,,,
160.5,18.72532,20557.03,0.23242,,,
160.6,18.73712,20552.85,0.23266,,,
160.7,18.74847,20533.12,0.2329,,,
160.8,18.76012,20527.58,0.23314,,,
160.9,18.77183,20510.31,0.23338,,,
161,18.78363,20501.54,0.23361,,,
161.1,18.79533,20489.75,0.23385,,,
161.2,18.80683,20472.62,0.23409,,,
161.3,18.81848,20461.57,0.23433,,,
161.4,18.83039,20445.41,0.23457,,,
161.5,18.84194,20436.04,0.2348,,,
161.6,18.85344,20421.92,0.23505,,,
161.7,18.86514,20410.77,0.23529,,,
161.8,18.87684,20394.13,0.23552,,,
161.9,18.88879,20379.59,0.23575,,,
162,18.9002,20367.48,0.236,,,
162.1,18.91175,20350.79,0.23624,,,
162.2,18.92355,20341.89,0.23647,,,
162.3,18.9353,20323.58,0.23672,,,
162.4,18.94705,20312.93,0.23695,,,
162.5,18.9584,20295.43,0.23719,,,
162.6,18.97021,20279.20,0.23743,,,
162.7,18.98196,20267.02,0.23766,,,
162.8,18.99356,20247.19,0.23791,,,
162.9,19.00531,20240.65,0.23815,,,
163,19.01691,20220.69,0.23839,,,
163.1,19.02851,20205.89,0.23864,,,
163.2,19.04032,20189.35,0.23887,,,
163.3,19.05197,20168.31,0.23912,,,
163.4,19.06357,20161.39,0.23936,,,
163.5,19.07512,20135.95,0.2396,,,
163.6,19.08683,20127.41,0.23984,,,
163.7,19.09878,20108.57,0.24007,,,
163.8,19.11023,20093.00,0.24031,,,
163.9,19.12173,20075.49,0.24055,,,
164,19.13363,20053.75,0.2408,,,
164.1,19.14524,20040.59,0.24105,,,
164.2,19.15709,20020.00,0.24129,,,
164.3,19.16849,20007.11,0.24152,,,
164.4,19.18014,19988.17,0.24176,,,
164.5,19.19189,19969.94,0.24201,,,
164.6,19.20359,19950.26,0.24225,,,
164.7,19.21535,19930.23,0.2425,,,
164.8,19.22685,19918.39,0.24273,,,
164.9,19.2386,19895.00,0.24298,,,
165,19.25025,19878.28,0.24323,,,
165.1,19.26195,19856.07,0.24347,,,
165.2,19.27361,19844.06,0.24371,,,
165.3,19.28526,19822.21,0.24395,,,
165.4,19.29686,19796.18,0.2442,,,
165.5,19.30861,19783.16,0.24443,,,
165.6,19.32026,19760.03,0.24468,,,
165.7,19.33191,19749.71,0.24493,,,
165.8,19.34357,19720.52,0.24517,,,
165.9,19.35517,19703.45,0.24541,,,
166,19.36707,19683.25,0.24565,,,
166.1,19.37852,19660.46,0.2459,,,
166.2,19.39012,19644.11,0.24615,,,
166.3,19.40192,19618.03,0.24639,,,
166.4,19.41358,19600.46,0.24664,,,
166.5,19.42538,19578.40,0.24688,,,
166.6,19.43688,19561.65,0.24713,,,
166.7,19.44848,19534.64,0.24737,,,
166.8,19.46024,19512.98,0.24761,,,
166.9,19.47194,19492.01,0.24786,,,
167,19.48369,19471.07,0.2481,,,
167.1,19.49514,19450.70,0.24835,,,
167.2,19.50684,19422.70,0.2486,,,
167.3,19.5187,19406.24,0.24885,,,
167.4,19.53034,19379.00,0.24909,,,
167.5,19.5419,19361.60,0.24934,,,
167.6,19.55355,19333.71,0.24959,,,
167.7,19.5652,19305.73,0.24983,,,
167.8,19.57695,19285.88,0.25008,,,
167.9,19.5886,19259.43,0.25032,,,
168,19.60016,19240.67,0.25057,,,
168.1,19.61186,19208.86,0.25082,,,
168.2,19.62356,19186.77,0.25107,,,
168.3,19.63546,19159.63,0.25132,,,
168.4,19.64681,19132.11,0.25156,,,
168.5,19.65841,19108.02,0.25182,,,
168.6,19.67022,19076.93,0.25207,,,
168.7,19.68192,19055.25,0.25232,,,
168.8,19.69367,19026.38,0.25258,,,
168.9,19.70512,19002.74,0.25281,,,
169,19.71687,18971.23,0.25308,,,
169.1,19.72863,18945.86,0.25332,,,
169.2,19.74033,18913.82,0.25358,,,
169.3,19.75193,18882.83,0.25384,,,
169.4,19.76348,18855.49,0.25409,,,
169.5,19.77523,18820.70,0.25435,,,
169.6,19.78704,18796.26,0.2546,,,
169.7,19.79859,18760.58,0.25486,,,
169.8,19.81009,18735.96,0.25511,,,
169.9,19.82204,18704.40,0.25537,,,
170,19.83354,18664.90,0.25562,,,
170.1,19.8454,18639.51,0.25587,,,
170.2,19.85685,18603.64,0.25614,,,
170.3,19.8685,18576.17,0.25639,,,
170.4,19.8802,18531.89,0.25665,,,
170.5,19.89195,18501.19,0.25692,,,
170.6,19.90376,18461.82,0.25719,,,
170.7,19.91516,18421.11,0.25745,,,
170.8,19.92686,18381.20,0.25773,,,
170.9,19.93871,18333.77,0.25799,,,
171,19.95031,18291.60,0.25827,,,
171.1,19.96196,18245.99,0.25854,,,
171.2,19.97347,18203.36,0.25882,,,
171.3,19.98522,18152.21,0.25908,,,
171.4,19.99697,18102.96,0.25937,,,
171.5,20.00862,18049.21,0.25965,,,
171.6,20.02028,17993.89,0.25994,,,
171.7,20.03193,17924.02,0.26024,,,
171.8,20.04358,17845.74,0.26054,,,
171.9,20.05533,17768.22,0.26085,,,
172,20.06693,17667.89,0.26117,,,
172.1,20.07858,17563.33,0.2615,,,
172.2,20.09033,17416.83,0.26187,,,
172.3,20.10194,17208.85,0.26227,,,
172.4,20.11389,16852.43,0.26281,,,
172.5,20.12529,16472.29,0.26337,,,
172.6,20.13694,16197.54,0.26385,,,
172.7,20.14864,15944.40,0.2643,,,
172.8,20.1603,15702.68,0.26475,,,
172.9,20.17215,15436.94,0.26524,,,
173,20.1835,15191.10,0.2657,,,
173.1,20.19525,14990.43,0.26612,,,
173.2,20.20695,14807.11,0.26654,,,
173.3,20.21876,14616.29,0.26695,,,
173.4,20.23031,14378.14,0.26741,,,
173.5,20.24196,14083.18,0.26792,,,
173.6,20.25361,13786.50,0.26844,,,
173.7,20.26546,13435.16,0.26901,,,
173.8,20.27706,12979.10,0.26968,,,
173.9,20.28872,12492.67,0.27038,,,
174,20.30057,11711.12,0.27135,,,
174.1,20.31508,-951.25,0.29031,,,
174.2,20.32367,-506.61,0.28975,,,
174.3,20.33512,-510.08,0.28998,,,
174.4,20.34677,-510.68,0.29022,,,
174.5,20.35847,-510.11,0.29047,,,
174.6,20.37018,-510.48,0.2907,,,
174.7,20.38208,-509.87,0.29092,,,
174.8,20.39348,-510.27,0.29115,,,
174.9,20.40508,-509.79,0.29141,,,
175,20.41684,-509.90,0.29164,,,
175.1,20.42864,-510.07,0.29186,,,
175.2,20.44044,-509.53,0.29209,,,
175.3,20.45174,-509.82,0.29233,,,
175.4,20.46349,-509.20,0.29257,,,
175.5,20.47525,-509.54,0.29279,,,
175.6,20.487,-509.08,0.29301,,,
175.7,20.4985,-509.27,0.29326,,,
175.8,20.5101,-509.26,0.29349,,,
175.9,20.5219,-508.89,0.29371,,,
176,20.5337,-509.17,0.29394,,,
176.1,20.5452,-508.71,0.29419,,,
176.2,20.55686,-508.96,0.29442,,,
176.3,20.56846,-508.39,0.29465,,,
176.4,20.58021,-508.69,0.29487,,,
176.5,20.59201,-508.59,0.29511,,,
176.6,20.60352,-508.44,0.29535,,,
176.7,20.61517,-508.75,0.29558,,,
176.8,20.62687,-508.26,0.29581,,,
176.9,20.63857,-508.59,0.29604,,,
177,20.65037,-508.02,0.29627,,,
177.1,20.66178,-508.29,0.29651,,,
177.2,20.67348,-508.45,0.29674,,,
177.3,20.68523,-508.05,0.29696,,,
177.4,20.69698,-508.38,0.29719,,,
177.5,20.70858,-507.85,0.29742,,,
177.551,20.71451,-507.94,0.29755,,,
